Feature,Mean (ARB),Mean (ISFV),Cohen's d (ISFV-ARB),AUC,P (Mann-Whitney)
CpG,0.0303,0.0549,+2.706,0.943,0.00e+00
AG,0.0808,0.0603,-1.942,0.089,0.00e+00
GT,0.0518,0.0648,+1.606,0.851,0.00e+00
TC,0.0476,0.0581,+1.403,0.824,0.00e+00
CA,0.0796,0.0691,-1.149,0.217,0.00e+00
TT,0.0506,0.0620,+0.971,0.732,0.00e+00
GA,0.0900,0.0799,-0.954,0.253,0.00e+00
AA,0.0815,0.0681,-0.673,0.299,0.00e+00
GG,0.0853,0.0769,-0.626,0.321,0.00e+00
GC content,0.5002,0.5099,+0.328,0.610,4.42e-127
GC,0.0564,0.0586,+0.216,0.574,6.01e-58
CT,0.0561,0.0546,-0.151,0.457,6.21e-21
TG,0.0871,0.0882,+0.096,0.539,9.94e-18
AT,0.0584,0.0592,+0.086,0.519,3.02e-05
UpA,0.0316,0.0322,+0.074,0.524,2.82e-07
CC,0.0507,0.0510,+0.038,0.495,2.85e-01
AC,0.0620,0.0619,-0.016,0.498,6.35e-01
